date,category,revenue,cost,units_sold
2026-01-01,Books,243.54,159.75,13
2026-01-01,Sports,830.9,432.06,7
2026-01-01,Home & Kitchen,657.38,347.47,8
2026-01-01,Home & Kitchen,464.75,299.48,6
2026-01-01,Clothing,505.81,283.68,12
2026-01-01,Sports,1302.64,788.04,12
2026-01-01,Clothing,591.17,323.11,12
2026-01-01,Home & Kitchen,1022.9,632.65,12
2026-01-01,Home & Kitchen,434.14,231.88,5
2026-01-01,Clothing,195.92,120.03,4
2026-01-01,Clothing,365.79,199.79,9
2026-01-02,Books,143.08,95.38,7
2026-01-02,Home & Kitchen,1164.07,624.46,14
2026-01-02,Books,39.4,21.34,2
2026-01-02,Books,108.75,72.69,6
2026-01-02,Books,39.16,26.84,2
2026-01-02,Books,196.6,131.51,9
2026-01-02,Sports,241.91,149.34,2
2026-01-02,Electronics,3064.22,1701.25,12
2026-01-03,Sports,108.38,63.37,1
2026-01-03,Electronics,2876.09,1446.14,12
2026-01-03,Home & Kitchen,88.59,58.3,1
2026-01-03,Home & Kitchen,461.24,290.68,5
2026-01-03,Books,149.8,88.37,7
2026-01-03,Electronics,1683.84,951.43,7
2026-01-03,Home & Kitchen,1048.06,710.0,12
2026-01-03,Electronics,692.94,445.32,3
2026-01-03,Electronics,1265.32,827.76,5
2026-01-04,Home & Kitchen,797.23,416.3,9
2026-01-04,Books,244.49,166.05,13
2026-01-04,Electronics,1012.66,647.19,4
2026-01-04,Sports,857.54,521.36,7
2026-01-04,Sports,522.51,323.84,4
2026-01-04,Home & Kitchen,548.81,342.94,6
2026-01-04,Electronics,1342.87,887.28,5
2026-01-04,Books,86.28,52.45,4
2026-01-04,Clothing,339.95,191.6,7
2026-01-04,Electronics,236.4,138.39,1
2026-01-04,Books,278.76,139.77,13
2026-01-05,Electronics,3305.48,1731.98,14
2026-01-05,Books,174.17,98.34,8
2026-01-05,Electronics,972.73,675.42,4
2026-01-05,Books,228.09,136.73,12
2026-01-05,Electronics,1196.21,606.93,5
2026-01-05,Electronics,500.27,255.29,2
2026-01-05,Sports,123.22,78.39,1
2026-01-06,Books,219.43,120.34,10
2026-01-06,Books,147.33,80.67,7
2026-01-06,Sports,526.41,305.19,4
2026-01-06,Electronics,2169.35,1165.6,9
2026-01-06,Sports,366.54,232.94,3
2026-01-06,Home & Kitchen,852.06,464.63,10
2026-01-06,Books,186.87,107.89,9
2026-01-06,Clothing,333.9,189.73,8
2026-01-06,Electronics,542.47,366.42,2
2026-01-07,Books,219.29,132.3,10
2026-01-07,Electronics,549.63,380.94,2
2026-01-07,Sports,645.92,347.34,5
2026-01-07,Electronics,780.05,522.11,3
2026-01-07,Books,156.94,106.34,8
2026-01-07,Books,239.17,157.15,11
2026-01-07,Books,252.52,131.38,14
2026-01-08,Electronics,3109.55,1744.68,13
2026-01-08,Clothing,267.21,186.75,6
2026-01-08,Books,18.07,10.82,1
2026-01-08,Books,164.79,110.38,8
2026-01-08,Electronics,252.13,151.72,1
2026-01-08,Sports,388.23,243.12,3
2026-01-08,Clothing,225.12,138.53,5
2026-01-09,Sports,1504.07,836.5,12
2026-01-09,Home & Kitchen,77.24,53.98,1
2026-01-09,Sports,1819.39,1044.39,14
2026-01-09,Electronics,1357.08,794.76,5
2026-01-09,Sports,394.58,203.24,3
2026-01-10,Sports,801.1,478.3,7
2026-01-10,Clothing,396.47,265.18,9
2026-01-10,Home & Kitchen,621.58,336.76,8
2026-01-10,Clothing,474.73,267.99,11
2026-01-10,Electronics,2341.12,1338.88,9
2026-01-10,Sports,1274.25,843.58,10
2026-01-10,Electronics,2165.3,1304.09,8
2026-01-10,Electronics,1059.66,667.58,4
2026-01-10,Books,58.06,33.39,3
2026-01-11,Home & Kitchen,712.22,495.97,9
2026-01-11,Clothing,407.75,206.92,10
2026-01-11,Home & Kitchen,984.64,655.35,12
2026-01-11,Books,262.33,155.16,12
2026-01-11,Sports,471.49,301.71,4
2026-01-11,Books,284.42,182.86,13
2026-01-12,Electronics,1908.33,1121.71,8
2026-01-12,Clothing,210.8,108.81,5
2026-01-12,Electronics,2945.37,1574.77,12
2026-01-12,Electronics,473.98,245.89,2
2026-01-12,Electronics,2173.85,1364.43,8
2026-01-12,,866.39,508.69,7
2026-01-12,Sports,764.02,468.5,7
2026-01-13,Sports,650.07,340.13,6
2026-01-13,Sports,115.47,80.36,1
2026-01-13,Sports,1300.94,849.09,12
2026-01-13,Sports,814.18,482.76,7
2026-01-13,Sports,764.07,527.08,7
2026-01-13,Books,38.09,19.16,2
2026-01-13,Home & Kitchen,850.18,516.8,10
2026-01-14,Books,174.2,120.0,8
2026-01-14,Books,233.24,148.21,11
2026-01-14,Home & Kitchen,944.21,625.29,12
2026-01-14,Home & Kitchen,435.7,289.34,5
2026-01-14,Clothing,464.88,238.89,11
2026-01-14,Clothing,537.55,342.21,13
2026-01-14,Electronics,2409.49,1611.89,10
2026-01-14,Clothing,669.62,372.56,14
2026-01-14,Books,207.87,130.08,10
2026-01-15,Books,190.93,106.23,9
2026-01-15,Clothing,236.28,156.27,5
2026-01-15,Electronics,736.89,423.27,3
2026-01-15,Sports,1419.55,922.95,12
2026-01-15,Electronics,690.47,469.87,3
2026-01-15,Books,173.52,117.84,9
2026-01-15,Electronics,902.17,614.45,4
2026-01-15,Books,173.5,119.72,9
2026-01-15,Books,59.92,30.96,3
2026-01-16,Home & Kitchen,985.05,625.02,12
2026-01-16,Books,105.83,69.63,5
2026-01-16,,599.33,306.56,5
2026-01-16,Clothing,235.67,143.57,5
2026-01-16,Home & Kitchen,185.93,118.55,2
2026-01-16,Clothing,579.62,387.01,12
2026-01-16,Sports,877.97,583.3,8
2026-01-16,Clothing,82.46,42.63,2
2026-01-16,Home & Kitchen,662.9,380.59,8
2026-01-17,Electronics,1920.1,1249.36,7
2026-01-17,Books,63.33,38.74,3
2026-01-17,Home & Kitchen,919.08,479.98,10
2026-01-17,Home & Kitchen,997.01,591.96,13
2026-01-17,Clothing,166.28,87.05,4
2026-01-17,Electronics,1836.12,1132.29,7
2026-01-17,Electronics,2871.43,1934.54,12
2026-01-17,Sports,763.5,531.08,6
2026-01-18,Sports,545.21,373.43,5
2026-01-18,Books,95.06,60.75,5
2026-01-18,Electronics,466.62,253.54,2
2026-01-18,Electronics,1299.23,749.45,5
2026-01-18,Electronics,2629.53,1814.59,11
2026-01-18,Books,163.84,91.01,8
2026-01-18,Books,79.42,45.32,4
2026-01-18,Clothing,494.4,343.55,12
2026-01-18,Home & Kitchen,462.3,257.02,6
2026-01-19,Books,269.61,143.57,13
2026-01-19,Home & Kitchen,1202.36,701.37,13
2026-01-19,Sports,1062.34,729.34,9
2026-01-19,Clothing,449.98,227.36,11
2026-01-19,Electronics,1593.17,1111.16,6
2026-01-19,Electronics,2801.77,1614.32,11
2026-01-19,Home & Kitchen,947.92,486.0,11
2026-01-19,Electronics,695.08,349.44,3
2026-01-19,Books,20.14,13.09,1
2026-01-20,Sports,885.19,609.85,7
2026-01-20,Clothing,128.18,75.64,3
2026-01-20,Electronics,716.21,387.79,3
2026-01-20,Electronics,262.85,133.89,1
2026-01-20,Clothing,451.83,295.71,10
2026-01-20,Home & Kitchen,181.97,111.07,2
2026-01-20,Sports,1806.56,1049.06,14
2026-01-21,Sports,616.72,407.66,5
2026-01-21,Books,38.8,23.98,2
2026-01-21,Home & Kitchen,275.61,157.0,3
2026-01-21,Electronics,2164.19,1211.06,8
2026-01-21,Clothing,140.34,92.53,3
2026-01-21,Clothing,384.63,251.46,8
2026-01-21,Books,145.47,90.8,8
2026-01-21,Clothing,550.97,339.36,13
2026-01-21,Home & Kitchen,256.9,152.09,3
2026-01-21,Home & Kitchen,530.16,284.17,6
2026-01-21,Books,157.17,106.07,8
2026-01-22,Sports,244.89,133.41,2
2026-01-22,Sports,581.41,331.13,5
2026-01-22,Sports,665.37,394.0,6
2026-01-22,Clothing,612.9,368.16,14
2026-01-22,Sports,1198.38,790.79,11
2026-01-22,Electronics,1374.53,927.42,6
2026-01-22,Sports,114.65,75.81,1
2026-01-23,Home & Kitchen,1212.46,736.35,13
2026-01-23,Clothing,525.84,311.56,12
2026-01-23,Sports,1088.8,599.37,10
2026-01-23,Home & Kitchen,596.39,361.66,7
2026-01-23,Sports,237.48,144.04,2
2026-01-24,Electronics,1707.05,860.38,7
2026-01-24,Electronics,235.57,133.21,1
2026-01-24,Books,194.06,120.07,9
2026-01-24,Books,211.57,126.88,10
2026-01-24,Books,122.08,79.24,6
2026-01-24,Electronics,2776.55,1545.86,12
2026-01-24,Books,204.3,112.13,10
2026-01-24,Home & Kitchen,1067.51,733.1,13
2026-01-24,Sports,680.45,389.95,6
2026-01-24,Books,262.45,146.19,14
2026-01-24,Electronics,1593.07,802.35,7
2026-01-25,Books,147.59,85.54,8
2026-01-25,Books,236.08,156.62,11
2026-01-25,Electronics,3269.62,2072.05,14
2026-01-25,Electronics,505.68,310.65,2
2026-01-25,Home & Kitchen,1164.56,625.84,13
2026-01-25,Books,56.39,36.5,3
2026-01-25,Books,20.44,11.4,1
2026-01-25,Sports,1563.87,932.42,14
2026-01-25,Home & Kitchen,232.14,131.7,3
2026-01-26,Sports,848.22,458.33,7
2026-01-26,Clothing,171.17,108.92,4
2026-01-26,Electronics,2293.04,1362.79,9
2026-01-26,Home & Kitchen,1096.39,734.74,14
2026-01-26,Books,235.61,161.77,12
2026-01-26,Home & Kitchen,719.87,414.53,9
2026-01-27,Books,241.27,159.01,13
2026-01-27,Books,298.21,160.22,14
2026-01-27,Home & Kitchen,960.01,654.32,11
2026-01-27,Electronics,3307.4,2105.48,13
2026-01-27,Home & Kitchen,1061.1,689.21,13
2026-01-28,Electronics,2184.91,1263.53,9
2026-01-28,Clothing,575.39,314.05,14
2026-01-28,Home & Kitchen,554.86,347.09,6
2026-01-28,Clothing,190.58,118.92,4
2026-01-28,Books,302.06,198.67,14
2026-01-28,Electronics,260.35,170.72,1
2026-01-28,Electronics,3293.18,2116.9,14
2026-01-28,Sports,1387.22,722.16,11
2026-01-28,Sports,475.87,295.42,4
2026-01-28,Sports,892.78,487.32,8
2026-01-28,Books,271.44,170.53,13
2026-01-29,Books,83.46,51.73,4
2026-01-29,Books,240.2,136.55,11
2026-01-29,Clothing,644.48,439.77,14
2026-01-29,Clothing,385.24,248.56,9
2026-01-29,Home & Kitchen,938.85,641.94,12
2026-01-29,Sports,868.42,547.34,8
2026-01-29,Electronics,2924.66,1502.64,12
2026-01-30,Sports,1825.95,1250.98,14
2026-01-30,Electronics,3315.13,1767.31,14
2026-01-30,Books,128.1,72.56,6
2026-01-30,Home & Kitchen,694.67,400.03,8
2026-01-30,Sports,1016.41,668.35,9
2026-01-30,Clothing,373.76,217.87,9
2026-01-30,Clothing,536.87,318.44,11
2026-01-31,Clothing,490.27,267.16,11
2026-01-31,Books,204.2,109.3,11
2026-01-31,Books,108.81,61.18,6
2026-01-31,Sports,1354.92,681.01,11
2026-01-31,Sports,112.27,77.71,1
2026-01-31,Electronics,982.92,508.24,4
2026-01-31,Sports,960.42,594.57,8
2026-02-01,Home & Kitchen,810.87,462.1,9
2026-02-01,Sports,0.0,0.0,0
2026-02-01,Home & Kitchen,81.5,52.39,1
2026-02-01,Clothing,45.31,27.01,1
2026-02-01,Home & Kitchen,238.78,160.55,3
2026-02-01,Home & Kitchen,648.82,407.98,8
2026-02-01,Books,0.0,0.0,0
2026-02-01,Clothing,232.15,117.33,5
2026-02-01,Home & Kitchen,479.0,287.93,6
2026-02-02,Electronics,935.71,590.01,4
2026-02-02,Clothing,85.38,55.02,2
2026-02-02,Home & Kitchen,277.66,146.66,3
2026-02-02,Clothing,231.0,149.5,5
2026-02-02,Sports,221.89,210.8,2
2026-02-02,Sports,1248.95,1186.5,10
2026-02-02,Sports,348.18,330.77,3
2026-02-02,Home & Kitchen,385.41,256.73,5
2026-02-02,Sports,632.86,601.22,5
2026-02-02,Sports,1132.68,1076.05,10
2026-02-03,Electronics,2026.31,1412.49,8
2026-02-03,Electronics,226.12,125.21,1
2026-02-03,Clothing,485.35,263.84,11
2026-02-03,Home & Kitchen,1025.58,620.62,11
2026-02-03,Sports,114.54,108.81,1
2026-02-03,Clothing,191.34,114.73,4
2026-02-03,Clothing,0.0,0.0,0
2026-02-03,Books,92.13,48.64,5
2026-02-04,Electronics,1308.05,719.62,5
2026-02-04,Sports,839.04,797.09,7
2026-02-04,Electronics,1961.75,1283.34,8
2026-02-04,Clothing,491.28,263.76,10
2026-02-04,Sports,379.51,360.53,3
2026-02-04,Home & Kitchen,503.59,344.0,6
2026-02-04,Home & Kitchen,434.38,299.66,5
2026-02-05,Sports,678.95,645.0,6
2026-02-05,Books,40.76,20.8,2
2026-02-05,Home & Kitchen,870.42,543.72,11
2026-02-05,Clothing,174.4,99.46,4
2026-02-05,Electronics,1821.72,1128.84,7
2026-02-05,Electronics,1143.98,589.78,5
2026-02-05,Books,218.71,109.58,10
2026-02-05,Books,38.52,25.48,2
2026-02-05,Electronics,2909.51,1856.59,11
2026-02-05,Electronics,2520.95,1700.61,10
2026-02-05,Sports,0.0,0.0,0
2026-02-06,Electronics,249.47,135.77,1
2026-02-06,Clothing,342.98,174.19,7
2026-02-06,Clothing,247.47,151.24,5
2026-02-06,Clothing,204.03,130.47,5
2026-02-06,Electronics,542.44,376.57,2
2026-02-06,Sports,125.88,119.59,1
2026-02-06,Home & Kitchen,85.38,53.7,1
2026-02-06,Home & Kitchen,785.5,404.84,10
2026-02-06,Sports,1045.41,993.14,9
2026-02-06,Books,96.31,58.55,5
2026-02-07,Electronics,2819.24,1909.18,11
2026-02-07,Clothing,425.97,215.06,10
2026-02-07,Clothing,40.69,27.46,1
2026-02-07,Sports,130.54,124.01,1
2026-02-07,Books,231.76,134.51,11
2026-02-07,Sports,1230.6,1169.07,10
2026-02-07,Electronics,1836.68,1041.9,8
2026-02-07,Books,83.72,41.92,4
2026-02-07,Sports,1266.41,1203.09,11
2026-02-08,Sports,802.58,762.45,7
2026-02-08,Electronics,0.0,0.0,0
2026-02-08,Home & Kitchen,720.53,397.59,8
2026-02-08,Books,109.65,74.22,5
2026-02-08,Home & Kitchen,956.21,510.05,11
2026-02-08,Books,56.78,39.1,3
2026-02-09,Sports,240.61,228.58,2
2026-02-09,Clothing,297.39,159.78,7
2026-02-09,Home & Kitchen,494.71,253.08,6
2026-02-09,Electronics,1899.71,1327.86,7
2026-02-09,Sports,1057.59,1004.71,9
2026-02-09,Electronics,1619.23,959.68,6
2026-02-09,Sports,755.69,717.91,6
2026-02-09,Books,235.85,139.5,11
2026-02-09,Home & Kitchen,708.32,480.06,9
2026-02-09,Electronics,268.11,177.46,1
2026-02-09,Electronics,1047.04,582.45,4
2026-02-10,Home & Kitchen,309.32,187.61,4
2026-02-10,Sports,1106.27,1050.96,10
2026-02-10,Sports,0.0,0.0,0
2026-02-10,Sports,255.58,242.8,2
2026-02-10,Clothing,273.55,151.38,6
2026-02-10,Home & Kitchen,484.02,257.24,6
2026-02-10,Electronics,2935.36,1877.15,11
2026-02-10,Clothing,138.2,89.91,3
2026-02-11,Sports,1179.64,1120.66,9
2026-02-11,Clothing,383.04,209.03,8
2026-02-11,Clothing,136.52,88.92,3
2026-02-11,Books,93.86,48.51,5
2026-02-11,Home & Kitchen,0.0,0.0,0
2026-02-11,Clothing,405.82,269.36,10
2026-02-11,Home & Kitchen,844.95,495.52,11
2026-02-11,Clothing,461.94,317.08,10
2026-02-11,Sports,652.47,619.85,5
2026-02-11,Clothing,129.63,83.18,3
2026-02-11,Electronics,1989.43,1017.76,8
2026-02-12,Clothing,49.41,31.39,1
2026-02-12,Books,61.77,38.23,3
2026-02-12,,91.31,60.66,5
2026-02-12,Home & Kitchen,793.04,467.24,9
2026-02-12,Clothing,538.99,280.51,11
2026-02-12,Electronics,1256.76,835.98,5
2026-02-12,Home & Kitchen,272.34,178.26,3
2026-02-13,Home & Kitchen,821.31,568.88,9
2026-02-13,Books,239.52,139.87,11
2026-02-13,Home & Kitchen,249.78,138.59,3
2026-02-13,Home & Kitchen,751.13,509.88,9
2026-02-13,Clothing,-50.0,313.46,11
2026-02-13,Books,21.46,12.76,1
2026-02-13,Books,206.96,107.25,11
2026-02-13,Home & Kitchen,940.68,473.7,11
2026-02-14,Books,86.59,60.05,4
2026-02-14,Books,218.33,109.22,11
2026-02-14,Electronics,2852.06,1671.48,11
2026-02-14,Electronics,2282.1,1406.67,10
2026-02-14,Sports,127.14,120.78,1
2026-02-14,Sports,0.0,0.0,0
2026-02-14,Clothing,542.0,349.25,11
2026-02-14,Home & Kitchen,983.07,678.84,11
2026-02-14,Electronics,1567.29,1018.48,6
2026-02-15,Electronics,2743.33,1449.85,10
2026-02-15,Books,58.15,38.1,3
2026-02-15,Clothing,411.52,249.73,10
2026-02-15,Electronics,2520.38,1675.81,11
2026-02-15,Clothing,216.99,150.92,5
2026-02-16,Clothing,47.89,24.34,1
2026-02-16,Books,0.0,0.0,0
2026-02-16,Home & Kitchen,433.06,269.94,5
2026-02-16,Electronics,271.76,187.37,1
2026-02-16,Books,232.47,144.7,11
2026-02-16,Home & Kitchen,257.7,159.64,3
2026-02-17,Clothing,81.73,43.55,2
2026-02-17,Home & Kitchen,77.53,42.6,1
2026-02-17,Sports,902.46,857.34,7
2026-02-17,Books,206.01,135.54,11
2026-02-17,Home & Kitchen,859.41,553.32,10
2026-02-17,Sports,788.37,748.95,6
2026-02-17,Clothing,93.24,47.97,2
2026-02-17,Electronics,1240.66,835.78,5
2026-02-17,Clothing,529.28,331.2,11
2026-02-17,Books,210.71,126.63,10
2026-02-18,Electronics,507.87,298.49,2
2026-02-18,Sports,119.68,113.7,1
2026-02-18,Clothing,132.89,73.8,3
2026-02-18,Home & Kitchen,736.08,399.05,8
2026-02-18,Sports,123.16,117.0,1
2026-02-18,Home & Kitchen,709.35,483.64,8
2026-02-19,Clothing,438.56,264.24,10
2026-02-19,Sports,438.64,416.71,4
2026-02-19,Books,217.59,131.2,11
2026-02-19,Electronics,763.94,406.95,3
2026-02-19,Home & Kitchen,650.86,359.03,7
2026-02-19,Sports,463.22,440.06,4
2026-02-19,Books,208.43,114.0,11
2026-02-19,Clothing,88.96,50.37,2
2026-02-19,Sports,992.52,942.89,8
2026-02-19,Sports,366.33,348.01,3
2026-02-19,Electronics,1166.9,592.01,5
2026-02-20,Sports,1193.91,1134.21,10
2026-02-20,Books,122.05,82.22,6
2026-02-20,Books,166.03,91.97,9
2026-02-20,Clothing,316.96,217.85,7
2026-02-20,Sports,0.0,0.0,0
2026-02-20,Sports,1040.29,988.28,9
2026-02-20,Books,156.72,93.4,8
2026-02-20,Home & Kitchen,691.16,390.25,9
2026-02-20,Sports,853.46,810.79,7
2026-02-21,Clothing,232.51,122.75,5
2026-02-21,Sports,374.74,356.0,3
2026-02-21,Clothing,165.38,104.94,4
2026-02-21,Sports,570.64,542.11,5
2026-02-21,Clothing,419.84,251.67,9
2026-02-21,Electronics,2147.56,1318.86,8
2026-02-21,Books,195.51,124.72,9
2026-02-22,Electronics,544.09,362.02,2
2026-02-22,Sports,773.91,735.21,7
2026-02-22,Clothing,216.82,145.98,5
2026-02-22,Electronics,2905.31,1782.13,11
2026-02-22,Electronics,2420.33,1405.8,9
2026-02-23,Books,98.76,67.18,5
2026-02-23,Sports,809.29,768.83,7
2026-02-23,Electronics,1439.06,906.34,6
2026-02-23,Sports,0.0,0.0,0
2026-02-23,Sports,234.65,222.92,2
2026-02-23,Electronics,0.0,0.0,0
2026-02-23,Home & Kitchen,158.73,99.76,2
2026-02-23,Clothing,495.04,301.22,11
2026-02-23,Clothing,243.64,161.47,5
2026-02-23,Electronics,2324.5,1407.08,10
2026-02-24,Books,61.29,40.02,3
2026-02-24,Clothing,491.0,247.29,10
2026-02-24,Home & Kitchen,458.72,235.9,5
2026-02-24,Electronics,814.06,416.84,3
2026-02-24,Sports,1280.83,1216.79,11
2026-02-24,Sports,342.49,325.37,3
2026-02-24,Home & Kitchen,991.67,602.77,11
2026-02-24,Clothing,140.88,81.71,3
2026-02-24,Sports,383.27,364.11,3
2026-02-24,Books,169.59,91.06,8
2026-02-24,Electronics,1874.09,1281.04,8
2026-02-25,Books,106.12,64.74,5
2026-02-25,Sports,885.56,841.28,8
2026-02-25,Sports,611.22,580.66,5
2026-02-25,Clothing,265.2,177.15,6
2026-02-25,Electronics,1902.26,1066.05,8
2026-02-25,Home & Kitchen,251.11,159.08,3
2026-02-25,Clothing,92.23,54.45,2
2026-02-25,Clothing,168.05,108.79,4
2026-02-26,Electronics,1258.84,674.35,5
2026-02-26,Sports,245.14,232.88,2
2026-02-26,Clothing,308.13,190.7,7
2026-02-26,Electronics,238.73,147.87,1
2026-02-26,Clothing,88.97,52.42,2
2026-02-26,Electronics,0.0,0.0,0
2026-02-27,Home & Kitchen,266.44,164.04,3
2026-02-27,Sports,1257.93,1195.03,11
2026-02-27,Books,39.21,22.48,2
2026-02-27,Electronics,1142.36,689.77,5
2026-02-27,Clothing,477.03,260.81,10
2026-02-27,Sports,774.73,735.99,6
2026-02-27,Books,218.1,117.35,11
2026-02-27,Clothing,219.53,125.7,5
2026-02-27,Home & Kitchen,84.09,47.65,1
2026-02-27,Books,174.64,93.44,8
2026-02-28,Electronics,1258.96,653.82,5
2026-02-28,Electronics,1314.04,748.36,5
2026-02-28,Books,127.09,87.11,6
2026-02-28,Sports,587.92,558.52,5
2026-02-28,Sports,390.74,371.2,3
2026-02-28,Electronics,2761.53,1725.18,11
2026-02-28,Clothing,283.78,149.14,6
2026-02-28,Books,93.19,47.77,5
2026-02-28,Books,0.0,0.0,0
2026-02-28,Electronics,969.26,530.97,4
2026-02-28,Electronics,2396.38,1332.25,9
2026-03-01,Books,40.13,27.44,2
2026-03-01,Home & Kitchen,516.79,298.81,6
2026-03-01,Books,18.47,12.25,1
2026-03-01,Home & Kitchen,1279.96,862.2,14
2026-03-01,Home & Kitchen,571.76,295.13,7
2026-03-01,Sports,336.49,215.01,3
2026-03-02,Books,41.13,27.33,2
2026-03-02,Electronics,3485.31,2385.87,13
2026-03-02,Electronics,3778.78,2516.16,14
2026-03-02,Books,65.43,43.51,3
2026-03-02,Sports,554.61,330.35,5
2026-03-02,Books,170.37,87.91,9
2026-03-03,Books,282.7,190.88,13
2026-03-03,Sports,1541.22,770.71,12
2026-03-03,Home & Kitchen,1214.41,695.81,14
2026-03-03,Home & Kitchen,448.86,265.71,5
2026-03-03,Clothing,692.35,354.18,14
2026-03-03,Electronics,1658.71,876.55,7
2026-03-03,Electronics,2881.97,1499.23,12
2026-03-03,Books,20.04,14.01,1
2026-03-04,Sports,793.09,424.11,7
2026-03-04,Books,256.7,165.54,12
2026-03-04,Sports,470.86,297.03,4
2026-03-04,Home & Kitchen,598.04,356.63,7
2026-03-04,Sports,1644.02,825.64,13
2026-03-05,Home & Kitchen,384.13,212.03,5
2026-03-05,Clothing,292.14,177.35,7
2026-03-05,Electronics,2932.88,1607.92,13
2026-03-05,Sports,636.18,440.18,5
2026-03-05,Books,18.44,11.24,1
2026-03-05,Sports,457.54,242.43,4
2026-03-06,Books,38.6,24.99,2
2026-03-06,Home & Kitchen,782.45,525.74,9
2026-03-06,Clothing,245.53,129.3,5
2026-03-06,Electronics,1926.16,1228.17,8
2026-03-06,Books,248.53,170.51,13
2026-03-06,Books,158.77,99.62,8
2026-03-06,Clothing,388.45,243.69,8
2026-03-06,Electronics,2970.37,2009.43,12
2026-03-06,Sports,1443.52,918.14,12
2026-03-06,Sports,880.28,566.25,8
2026-03-07,Home & Kitchen,626.33,317.62,8
2026-03-07,Books,97.75,57.91,5
2026-03-07,Books,240.71,165.72,11
2026-03-07,Home & Kitchen,990.39,576.83,12
2026-03-07,Sports,1791.06,920.14,14
2026-03-07,Clothing,247.46,149.2,6
2026-03-07,Electronics,2107.69,1317.16,8
2026-03-07,Clothing,81.19,44.74,2
2026-03-07,Books,255.88,177.06,14
2026-03-08,Clothing,476.88,266.37,10
2026-03-08,Clothing,269.24,184.18,6
2026-03-08,Books,37.02,21.01,2
2026-03-08,Clothing,289.49,166.51,7
2026-03-08,Books,204.52,140.84,10
2026-03-08,Books,103.52,62.03,5
2026-03-08,Electronics,2196.97,1393.52,8
2026-03-08,Electronics,3251.36,1789.71,12
2026-03-08,Sports,1666.74,1114.05,14
2026-03-08,Books,212.08,137.99,11
2026-03-08,Electronics,1511.87,976.05,6
2026-03-09,Sports,627.12,416.13,5
2026-03-09,Home & Kitchen,635.54,410.91,7
2026-03-09,Home & Kitchen,432.68,260.33,5
2026-03-09,Home & Kitchen,617.48,416.59,7
2026-03-09,Electronics,1165.02,690.05,5
2026-03-09,Electronics,3135.88,2189.98,12
2026-03-10,Clothing,84.67,51.73,2
2026-03-10,Home & Kitchen,970.13,557.88,11
2026-03-10,Electronics,1004.83,672.84,4
2026-03-10,Clothing,287.96,144.62,6
2026-03-10,Electronics,525.87,334.28,2
2026-03-10,Home & Kitchen,591.47,355.12,7
2026-03-10,Clothing,175.87,110.56,4
2026-03-11,Home & Kitchen,831.56,484.4,10
2026-03-11,Sports,1228.7,701.71,10
2026-03-11,Electronics,2985.44,1843.93,13
2026-03-11,Books,267.4,137.17,13
2026-03-11,Clothing,327.79,167.36,7
2026-03-11,Clothing,668.43,370.29,14
2026-03-12,Home & Kitchen,87.32,46.26,1
2026-03-12,Sports,1522.05,976.45,12
2026-03-12,Books,59.28,31.39,3
2026-03-12,Electronics,1657.55,951.91,7
2026-03-12,Electronics,2915.75,1904.91,11
2026-03-12,Electronics,2879.67,1539.75,12
2026-03-12,Books,84.57,44.29,4
2026-03-12,Books,230.56,159.1,11
2026-03-13,Electronics,972.45,551.28,4
2026-03-13,Sports,1194.39,795.87,11
2026-03-13,Sports,722.6,404.47,6
2026-03-13,Sports,342.67,200.78,3
2026-03-13,Home & Kitchen,454.06,243.93,5
2026-03-13,Electronics,1239.55,739.51,5
2026-03-13,Clothing,163.79,111.51,4
2026-03-13,Home & Kitchen,89.76,45.01,1
2026-03-13,Electronics,1417.57,746.02,6
2026-03-14,Books,159.11,79.98,8
2026-03-14,Books,191.29,105.66,10
2026-03-14,Home & Kitchen,643.34,353.78,7
2026-03-14,Clothing,427.41,219.29,9
2026-03-14,Sports,435.23,223.07,4
2026-03-15,Home & Kitchen,741.43,417.45,9
2026-03-15,Home & Kitchen,545.78,298.74,7
2026-03-15,Home & Kitchen,314.7,212.87,4
2026-03-15,Sports,1278.69,840.79,10
2026-03-15,Electronics,1370.32,755.47,5
2026-03-15,Home & Kitchen,559.07,342.75,7
2026-03-16,Home & Kitchen,833.4,577.94,9
2026-03-16,Sports,976.76,629.04,9
2026-03-16,Clothing,433.4,265.35,9
2026-03-16,Electronics,1845.91,1240.5,8
2026-03-16,Clothing,452.2,290.12,11
2026-03-16,Electronics,458.17,271.08,2
2026-03-16,Electronics,2332.89,1607.69,10
2026-03-17,Clothing,446.61,260.08,10
2026-03-17,Sports,847.63,434.37,7
2026-03-17,Books,218.21,111.37,11
2026-03-17,Electronics,1880.25,1145.01,7
2026-03-17,Books,294.23,148.17,14
2026-03-18,Books,228.26,157.35,12
2026-03-18,Clothing,569.38,287.78,12
2026-03-18,Electronics,1985.57,1353.85,8
2026-03-18,Electronics,2498.91,1302.17,10
2026-03-18,Books,149.02,85.85,7
2026-03-18,Home & Kitchen,464.48,251.17,5
2026-03-18,Clothing,344.67,226.99,8
2026-03-18,Books,102.69,67.73,5
2026-03-18,Clothing,445.28,272.32,10
2026-03-19,Home & Kitchen,1194.76,663.55,13
2026-03-19,Electronics,2821.21,1514.55,12
2026-03-19,Sports,1532.27,862.1,12
2026-03-19,Home & Kitchen,811.45,487.72,9
2026-03-19,Electronics,3564.67,2258.52,13
2026-03-19,Sports,223.97,151.49,2
2026-03-20,Home & Kitchen,550.95,351.16,7
2026-03-20,Home & Kitchen,77.0,51.17,1
2026-03-20,Clothing,614.76,427.07,14
2026-03-20,Books,249.42,170.51,13
2026-03-20,Home & Kitchen,982.13,583.61,12
2026-03-20,Books,231.07,127.29,12
2026-03-20,Home & Kitchen,986.38,527.47,12
2026-03-20,Sports,1533.88,797.81,12
2026-03-20,Sports,334.22,190.37,3
2026-03-20,Clothing,460.24,270.21,10
2026-03-20,Electronics,1326.55,887.13,5
2026-03-21,Home & Kitchen,78.65,49.96,1
2026-03-21,Clothing,140.03,71.97,3
2026-03-21,Electronics,945.44,630.99,4
2026-03-21,Home & Kitchen,364.91,198.18,4
2026-03-21,Sports,378.95,220.42,3
2026-03-21,Books,302.6,165.39,14
2026-03-21,Electronics,683.86,464.87,3
2026-03-22,Electronics,1551.22,949.48,6
2026-03-22,Home & Kitchen,168.2,99.59,2
2026-03-22,Books,100.93,58.14,5
2026-03-22,Home & Kitchen,307.22,179.51,4
2026-03-22,Clothing,258.12,173.37,6
2026-03-22,Home & Kitchen,1287.76,838.06,14
2026-03-22,Electronics,2710.8,1877.4,12
2026-03-23,Electronics,2820.53,1710.75,11
2026-03-23,Home & Kitchen,313.66,200.97,4
2026-03-23,Sports,441.27,241.98,4
2026-03-23,Electronics,1913.53,1272.32,8
2026-03-23,Sports,340.3,219.85,3
2026-03-23,Electronics,912.9,616.62,4
2026-03-23,Clothing,391.26,222.27,9
2026-03-23,Sports,1778.98,901.83,14
2026-03-23,Home & Kitchen,1027.65,689.7,11
2026-03-23,Sports,570.28,310.26,5
2026-03-23,Books,20.95,12.68,1
2026-03-24,Books,63.95,43.22,3
2026-03-24,Electronics,2006.98,1176.26,8
2026-03-24,Books,118.43,77.55,6
2026-03-24,Electronics,808.88,476.17,3
2026-03-24,Sports,356.06,234.2,3
2026-03-25,Books,140.35,73.1,7
2026-03-25,Books,284.48,157.19,13
2026-03-25,Clothing,519.12,312.12,11
2026-03-25,Electronics,486.19,289.04,2
2026-03-25,Clothing,459.36,255.11,11
2026-03-25,Electronics,2174.11,1296.66,9
2026-03-25,Home & Kitchen,1099.32,679.57,13
2026-03-26,Electronics,3184.65,2123.09,14
2026-03-26,Books,229.68,136.1,12
2026-03-26,Sports,113.24,65.61,1
2026-03-26,Electronics,2392.51,1332.42,9
2026-03-26,Electronics,2012.64,1360.49,8
2026-03-26,Electronics,1747.74,1119.34,7
2026-03-26,Home & Kitchen,866.09,480.63,11
2026-03-26,Electronics,1968.73,1146.2,8
2026-03-26,Sports,570.98,362.53,5
2026-03-27,Sports,1309.21,869.63,10
2026-03-27,Electronics,2476.16,1593.44,11
2026-03-27,Electronics,1037.32,542.41,4
2026-03-27,Electronics,973.81,510.48,4
2026-03-27,Books,168.04,86.41,8
2026-03-28,Home & Kitchen,832.58,527.62,9
2026-03-28,Electronics,2430.96,1504.11,10
2026-03-28,Clothing,647.15,441.78,14
2026-03-28,Electronics,1880.79,1212.72,7
2026-03-28,Home & Kitchen,459.21,235.71,5
2026-03-28,Clothing,46.75,28.35,1
2026-03-29,Electronics,1777.02,904.06,7
2026-03-29,Sports,1699.7,966.51,14
2026-03-29,Electronics,1603.68,1023.95,6
2026-03-29,Clothing,186.23,103.37,4
2026-03-29,Sports,761.61,448.8,6
2026-03-29,Clothing,133.65,82.31,3
2026-03-29,Electronics,1686.6,1039.69,7
2026-03-30,Home & Kitchen,692.7,400.79,9
2026-03-30,Clothing,335.93,211.35,8
2026-03-30,Sports,1010.29,696.42,8
2026-03-30,Home & Kitchen,1108.81,638.43,13
2026-03-30,Home & Kitchen,913.66,601.5,11
2026-03-30,Home & Kitchen,78.22,52.36,1
2026-03-31,Books,175.62,103.76,8
2026-03-31,Books,18.56,11.08,1
2026-03-31,Home & Kitchen,278.66,160.74,3
2026-03-31,Home & Kitchen,1078.37,622.86,14
2026-03-31,Clothing,122.13,79.54,3
2026-03-31,Sports,1555.7,1037.8,14
2026-04-01,Clothing,519.91,352.33,12
2026-04-01,Books,42.61,29.69,2
2026-04-01,Sports,1441.74,833.18,11
2026-04-01,Sports,725.96,385.36,6
2026-04-01,Electronics,3277.11,2137.92,13
2026-04-01,Home & Kitchen,587.91,329.5,7
2026-04-01,Sports,336.76,202.56,3
2026-04-01,Books,109.33,66.86,5
2026-04-01,Home & Kitchen,86.37,45.59,1
2026-04-02,Sports,239.47,138.98,2
2026-04-02,Electronics,807.05,504.15,3
2026-04-02,Electronics,2048.26,1106.6,8
2026-04-02,Sports,871.58,518.69,8
2026-04-02,Books,113.47,78.61,6
2026-04-02,Sports,250.66,152.07,2
2026-04-02,Books,111.14,73.14,6
2026-04-03,Sports,124.34,73.78,1
2026-04-03,Clothing,590.72,407.49,12
2026-04-03,Clothing,538.21,362.06,12
2026-04-03,Clothing,172.29,93.15,4
2026-04-03,Home & Kitchen,1013.3,580.07,11
2026-04-03,Electronics,809.17,478.38,3
2026-04-03,Books,61.23,37.86,3
2026-04-03,Sports,338.43,176.61,3
2026-04-04,Sports,123.36,69.04,1
2026-04-04,Home & Kitchen,485.12,245.55,6
2026-04-04,Sports,759.21,452.01,7
2026-04-04,Sports,752.07,480.2,6
2026-04-04,Clothing,648.2,430.38,14
2026-04-04,Electronics,2093.22,1267.9,8
2026-04-04,Home & Kitchen,239.73,167.55,3
2026-04-04,Home & Kitchen,82.31,51.57,1
2026-04-05,Sports,1639.07,1071.6,13
2026-04-05,Electronics,267.3,166.45,1
2026-04-05,Electronics,457.76,266.19,2
2026-04-05,Home & Kitchen,257.51,161.31,3
2026-04-05,Sports,1621.7,812.82,13
2026-04-05,Home & Kitchen,1003.99,638.89,11
2026-04-05,Electronics,1869.73,1025.45,7
2026-04-05,Books,36.58,21.24,2
2026-04-05,Books,38.25,25.27,2
2026-04-05,Home & Kitchen,491.79,292.76,6
2026-04-05,Electronics,257.02,178.83,1
2026-04-06,Home & Kitchen,417.87,272.42,5
2026-04-06,Electronics,1751.08,1032.91,7
2026-04-06,Clothing,184.49,94.89,4
2026-04-06,Clothing,625.36,342.03,14
2026-04-06,Sports,919.67,563.44,8
2026-04-06,Books,281.67,181.43,13
2026-04-06,Books,130.44,88.23,7
2026-04-06,Clothing,472.38,274.21,11
2026-04-06,Electronics,250.56,127.63,1
2026-04-07,Electronics,1779.14,1055.73,7
2026-04-07,Sports,1509.38,850.16,12
2026-04-07,Home & Kitchen,743.62,412.02,9
2026-04-07,Home & Kitchen,163.65,107.65,2
2026-04-07,Home & Kitchen,1087.85,626.02,13
2026-04-07,Books,55.07,35.1,3
2026-04-07,Clothing,571.85,358.29,13
2026-04-07,Clothing,299.52,202.21,7
2026-04-07,Sports,114.68,60.31,1
2026-04-07,Books,172.73,90.0,9
2026-04-08,Home & Kitchen,1121.89,584.46,12
2026-04-08,Books,179.13,93.54,9
2026-04-08,Home & Kitchen,918.59,617.1,12
2026-04-08,Sports,242.5,141.42,2
2026-04-08,Clothing,417.75,248.33,9
2026-04-08,Electronics,1035.56,643.65,4
2026-04-08,Clothing,375.56,236.73,9
2026-04-09,Home & Kitchen,1116.82,570.07,12
2026-04-09,Books,158.98,97.91,8
2026-04-09,Sports,1308.39,828.7,12
2026-04-09,Electronics,1584.6,964.64,6
2026-04-09,Sports,1083.53,623.92,10
2026-04-09,Clothing,281.31,194.04,6
2026-04-10,Electronics,735.64,445.94,3
2026-04-10,Books,167.2,112.95,8
2026-04-10,Clothing,528.95,345.12,12
2026-04-10,Books,20.09,13.97,1
2026-04-10,Home & Kitchen,460.73,301.33,6
2026-04-10,Electronics,468.17,274.86,2
2026-04-10,Sports,1139.0,687.49,9
2026-04-11,Electronics,3549.45,2178.01,14
2026-04-11,Sports,484.64,327.54,4
2026-04-11,Home & Kitchen,772.19,514.24,9
2026-04-11,Electronics,1983.2,1149.46,8
2026-04-11,Books,146.1,79.72,8
2026-04-11,Clothing,89.71,58.27,2
2026-04-11,Books,203.29,141.9,10
2026-04-11,Sports,1054.33,641.98,8
2026-04-12,Books,116.78,63.65,6
2026-04-12,Books,129.94,81.15,7
2026-04-12,Clothing,502.75,266.15,11
2026-04-12,Sports,986.1,569.6,8
2026-04-12,Books,209.44,119.18,11
2026-04-12,Books,114.97,68.29,6
2026-04-12,Electronics,3193.54,1690.85,14
2026-04-12,Sports,492.57,290.39,4
2026-04-12,Electronics,480.19,313.19,2
2026-04-12,Sports,1243.11,640.51,10
2026-04-12,Clothing,635.87,372.98,14
2026-04-13,Home & Kitchen,1276.62,761.21,14
2026-04-13,Sports,1366.03,720.44,11
2026-04-13,Home & Kitchen,1111.02,642.58,13
2026-04-13,Books,110.61,69.39,6
2026-04-13,Books,166.78,116.12,8
2026-04-13,Electronics,2855.73,1677.45,12
2026-04-13,Home & Kitchen,544.2,339.84,7
2026-04-13,Clothing,253.27,166.78,6
2026-04-13,Home & Kitchen,1203.06,832.55,13
2026-04-13,Sports,262.42,151.83,2
2026-04-14,Books,287.87,182.31,14
2026-04-14,Home & Kitchen,344.43,225.37,4
2026-04-14,Books,192.07,126.17,9
2026-04-14,Books,226.98,142.29,12
2026-04-14,Clothing,505.21,304.61,12
2026-04-14,Home & Kitchen,502.73,254.3,6
2026-04-15,Books,234.02,159.2,13
2026-04-15,Home & Kitchen,186.77,95.06,2
2026-04-15,Sports,818.45,473.47,7
2026-04-15,Sports,1820.59,1256.55,14
2026-04-15,Home & Kitchen,825.71,542.91,10
2026-04-15,Books,263.33,150.55,13
2026-04-15,Books,18.96,10.21,1
2026-04-16,Books,72.44,48.39,4
2026-04-16,Electronics,2127.91,1470.95,9
2026-04-16,Clothing,344.34,237.63,8
2026-04-16,Sports,1336.72,782.65,11
2026-04-16,Books,213.59,112.94,10
2026-04-16,Clothing,352.87,230.29,8
2026-04-16,Clothing,179.91,97.32,4
2026-04-16,Sports,899.74,509.53,8
2026-04-16,Books,255.98,131.52,14
2026-04-17,Home & Kitchen,421.6,218.81,5
2026-04-17,Home & Kitchen,618.48,399.14,8
2026-04-17,Sports,931.7,619.54,8
2026-04-17,Clothing,402.03,204.67,9
2026-04-17,Books,152.07,87.95,7
2026-04-17,Sports,1690.76,1045.04,14
2026-04-17,Books,116.69,75.22,6
2026-04-17,Sports,1540.49,1042.21,13
2026-04-17,Books,230.88,149.23,12
2026-04-17,Books,192.54,112.54,9
2026-04-17,Clothing,607.99,390.65,14
2026-04-18,Home & Kitchen,1100.83,624.6,14
2026-04-18,Books,132.17,86.24,7
2026-04-18,Sports,990.91,511.0,8
2026-04-18,Clothing,406.86,225.32,10
2026-04-18,Electronics,272.61,138.62,1
2026-04-18,Electronics,255.08,142.67,1
2026-04-18,Electronics,2892.45,1505.53,11
2026-04-19,Electronics,730.39,501.47,3
2026-04-19,Clothing,336.97,175.11,8
2026-04-19,Electronics,1618.79,1084.74,7
2026-04-19,Electronics,226.54,115.62,1
2026-04-19,Electronics,3063.71,1939.42,13
2026-04-20,Home & Kitchen,88.42,57.07,1
2026-04-20,Sports,848.28,477.07,7
2026-04-20,Clothing,190.3,123.1,4
2026-04-20,Clothing,40.73,27.2,1
2026-04-20,Clothing,49.23,28.92,1
2026-04-20,Books,-50.0,110.5,8
2026-04-20,Electronics,273.35,139.5,1
2026-04-20,Electronics,1304.61,877.39,5
2026-04-20,Sports,1697.71,983.5,14
2026-04-21,Home & Kitchen,902.49,573.47,10
2026-04-21,Books,134.86,89.45,7
2026-04-21,Electronics,1142.72,642.86,5
2026-04-21,Home & Kitchen,181.32,123.52,2
2026-04-21,Clothing,186.26,95.06,4
2026-04-21,Electronics,2872.58,1612.54,12
2026-04-21,Home & Kitchen,1044.74,592.17,12
2026-04-22,Books,285.91,157.09,14
2026-04-22,Electronics,3208.74,1818.37,14
2026-04-22,Sports,1202.94,691.43,11
2026-04-22,Books,20.57,13.05,1
2026-04-22,Home & Kitchen,520.31,363.21,6
2026-04-23,Clothing,443.91,227.95,9
2026-04-23,Sports,1123.05,779.55,10
2026-04-23,Sports,1412.24,914.53,12
2026-04-23,Clothing,177.22,100.89,4
2026-04-23,Books,133.4,72.18,7
2026-04-23,Electronics,715.28,398.76,3
2026-04-24,Clothing,504.44,269.58,11
2026-04-24,Books,216.94,138.66,11
2026-04-24,Home & Kitchen,312.26,190.69,4
2026-04-24,Sports,249.78,143.54,2
2026-04-24,Home & Kitchen,841.62,533.93,10
2026-04-24,Electronics,2624.1,1625.72,11
2026-04-25,Books,18.47,10.89,1
2026-04-25,Sports,1382.45,935.36,11
2026-04-25,Home & Kitchen,691.91,442.98,8
2026-04-25,Electronics,3190.3,1604.97,13
2026-04-25,Books,133.09,78.53,7
2026-04-25,Electronics,2449.52,1636.18,10
2026-04-25,Clothing,295.76,153.91,6
2026-04-25,Clothing,488.42,253.26,11
2026-04-25,Home & Kitchen,460.24,270.07,5
2026-04-26,Books,260.66,153.18,13
2026-04-26,Home & Kitchen,643.17,391.93,8
2026-04-26,Electronics,2600.43,1406.33,10
2026-04-26,Electronics,1344.37,870.81,5
2026-04-26,Electronics,2032.12,1047.41,9
2026-04-26,Clothing,349.55,204.47,8
2026-04-26,Clothing,46.56,24.04,1
2026-04-26,Clothing,95.49,63.46,2
2026-04-26,Home & Kitchen,1168.38,677.06,13
2026-04-26,Electronics,1833.27,1107.83,7
2026-04-26,Home & Kitchen,1159.32,793.15,14
2026-04-27,Home & Kitchen,739.54,497.74,9
2026-04-27,Electronics,1607.95,815.23,6
2026-04-27,Home & Kitchen,417.46,281.68,5
2026-04-27,Home & Kitchen,1088.06,652.71,12
2026-04-27,Clothing,501.59,329.44,12
2026-04-27,Clothing,90.0,59.13,2
2026-04-27,Clothing,380.79,235.35,9
2026-04-27,Sports,1317.65,903.15,11
2026-04-27,Electronics,1824.54,916.46,7
2026-04-27,Electronics,271.2,141.67,1
2026-04-28,Sports,112.46,71.17,1
2026-04-28,Home & Kitchen,1177.15,693.62,13
2026-04-28,Books,90.16,61.75,5
2026-04-28,Home & Kitchen,687.26,378.66,8
2026-04-28,Sports,1278.85,841.3,10
2026-04-28,Sports,492.69,283.15,4
2026-04-28,Clothing,298.1,168.05,7
2026-04-28,,988.77,658.3,9
2026-04-28,Electronics,1588.35,1075.11,6
2026-04-29,Home & Kitchen,1175.53,731.31,14
2026-04-29,Sports,589.33,379.76,5
2026-04-29,Books,138.03,89.46,7
2026-04-29,Sports,241.53,158.9,2
2026-04-29,Electronics,3163.39,1686.56,14
2026-04-29,Clothing,128.02,73.08,3
2026-04-29,Books,56.67,34.22,3
2026-04-29,Books,208.8,106.81,11
2026-04-30,Home & Kitchen,481.39,333.11,6
2026-04-30,Home & Kitchen,1086.16,706.84,13
2026-04-30,Electronics,776.85,452.42,3
2026-04-30,Clothing,42.33,23.94,1
2026-04-30,Sports,730.86,368.67,6
2026-04-30,Sports,119.9,82.33,1
2026-04-30,Clothing,42.36,24.5,1
2026-04-30,Electronics,705.65,424.49,3
2026-04-30,Sports,108.43,71.41,1
2026-04-30,Electronics,2735.84,1674.71,11
2026-05-01,Home & Kitchen,808.06,405.64,10
2026-05-01,Books,181.28,120.95,9
2026-05-01,Electronics,1603.0,957.02,6
2026-05-01,Home & Kitchen,539.74,318.59,6
2026-05-01,Home & Kitchen,273.1,184.76,3
2026-05-01,Home & Kitchen,855.66,494.2,11
2026-05-01,Clothing,129.08,69.91,3
2026-05-01,Books,188.75,126.38,9
2026-05-01,Books,197.34,116.45,9
2026-05-02,Sports,710.42,496.89,6
2026-05-02,Home & Kitchen,819.6,445.88,10
2026-05-02,Home & Kitchen,579.48,343.54,7
2026-05-02,Books,226.9,145.61,11
2026-05-02,Home & Kitchen,1122.8,709.99,14
2026-05-02,Electronics,2027.39,1339.9,9
2026-05-02,Sports,969.3,497.53,8
2026-05-02,Electronics,2524.02,1525.05,10
2026-05-02,Clothing,167.05,105.95,4
2026-05-03,Sports,1232.85,664.5,11
2026-05-03,Books,126.0,85.89,6
2026-05-03,Home & Kitchen,438.1,296.96,5
2026-05-03,Sports,615.89,327.22,5
2026-05-03,Clothing,610.32,338.23,13
2026-05-03,Home & Kitchen,725.45,393.91,9
2026-05-03,Books,200.28,107.67,10
2026-05-03,Electronics,2598.08,1497.95,10
2026-05-04,Clothing,667.33,369.96,14
2026-05-04,Electronics,815.86,511.77,3
2026-05-04,Electronics,3338.66,1796.82,14
2026-05-04,Clothing,594.56,368.07,14
2026-05-04,Clothing,332.44,220.85,7
2026-05-04,Books,207.96,119.3,10
2026-05-05,Electronics,1189.89,602.96,5
2026-05-05,Sports,383.35,239.98,3
2026-05-05,Clothing,266.17,143.79,6
2026-05-05,Sports,923.35,614.1,7
2026-05-05,Clothing,341.93,210.4,8
2026-05-05,Home & Kitchen,367.41,252.31,4
2026-05-05,Home & Kitchen,1184.12,828.32,13
2026-05-05,Home & Kitchen,1064.8,737.09,13
2026-05-06,Home & Kitchen,449.12,275.42,5
2026-05-06,Books,94.64,47.59,5
2026-05-06,Clothing,47.36,24.05,1
2026-05-06,Home & Kitchen,860.78,537.92,10
2026-05-06,Sports,1587.12,977.97,13
2026-05-06,Sports,1640.1,965.13,13
2026-05-06,Clothing,572.04,312.21,13
2026-05-07,Home & Kitchen,1159.41,723.13,14
2026-05-07,Home & Kitchen,467.13,325.23,5
2026-05-07,Books,127.31,81.86,6
2026-05-07,Electronics,3187.34,1883.57,14
2026-05-07,Clothing,512.58,294.54,11
2026-05-07,Home & Kitchen,436.19,222.84,5
2026-05-07,Home & Kitchen,787.74,437.24,9
2026-05-08,Electronics,1784.76,956.4,7
2026-05-08,Books,118.92,75.34,6
2026-05-08,Sports,1569.03,790.52,14
2026-05-08,Electronics,1635.0,965.82,7
2026-05-08,Books,302.97,190.21,14
2026-05-08,Clothing,678.08,418.31,14
2026-05-08,Electronics,1542.77,795.62,6
2026-05-09,Books,163.01,104.41,8
2026-05-09,Sports,908.31,620.5,8
2026-05-09,Books,75.94,48.46,4
2026-05-09,Home & Kitchen,595.19,413.8,7
2026-05-09,Home & Kitchen,450.51,304.96,5
2026-05-09,Electronics,705.08,383.03,3
2026-05-09,Electronics,1791.65,1232.93,7
2026-05-10,Books,219.22,152.37,12
2026-05-10,Electronics,267.63,184.02,1
2026-05-10,Home & Kitchen,1162.77,597.9,14
2026-05-10,Books,189.17,112.33,10
2026-05-10,Clothing,177.78,107.73,4
2026-05-10,Sports,1567.78,819.77,14
2026-05-10,Books,148.98,80.67,8
2026-05-10,Sports,1518.89,1010.55,14
2026-05-10,Books,19.41,10.88,1
2026-05-11,Sports,1274.17,674.53,10
2026-05-11,Clothing,328.02,204.5,7
2026-05-11,Sports,760.4,426.38,6
2026-05-11,Home & Kitchen,973.82,581.92,12
2026-05-11,Electronics,247.98,139.19,1
2026-05-11,Electronics,1594.94,931.0,7
2026-05-11,Electronics,1567.5,963.79,6
2026-05-11,Home & Kitchen,1076.52,723.9,12
2026-05-12,Sports,126.36,86.95,1
2026-05-12,Clothing,497.25,295.45,11
2026-05-12,Electronics,2989.91,1996.2,12
2026-05-12,Electronics,794.96,417.07,3
2026-05-12,Books,231.55,121.61,11
2026-05-12,Sports,1700.85,910.12,13
2026-05-12,Home & Kitchen,1122.53,671.19,13
2026-05-12,Books,242.53,139.32,12
2026-05-12,Home & Kitchen,472.43,316.97,6
2026-05-12,Sports,1799.03,1076.1,14
2026-05-12,Clothing,275.61,169.59,6
2026-05-13,Electronics,1462.36,964.49,6
2026-05-13,Home & Kitchen,904.61,584.28,11
2026-05-13,Sports,561.01,355.99,5
2026-05-13,Electronics,3514.05,2123.86,14
2026-05-13,Books,266.42,165.2,13
2026-05-13,Electronics,975.31,532.92,4
2026-05-13,Books,20.22,10.92,1
2026-05-13,Clothing,390.29,198.27,8
2026-05-13,Home & Kitchen,898.59,555.32,10
2026-05-13,Sports,126.54,81.05,1
2026-05-13,Clothing,266.22,164.89,6
2026-05-14,Sports,235.1,156.46,2
2026-05-14,Sports,1196.04,646.93,11
2026-05-14,Electronics,1890.7,1198.72,8
2026-05-14,Books,210.94,110.68,10
2026-05-14,Books,282.86,166.22,14
2026-05-14,Electronics,2714.98,1601.32,12
2026-05-14,Electronics,3134.76,1637.34,12
2026-05-14,Electronics,1912.42,1022.57,8
2026-05-14,Electronics,2915.8,1686.55,11
2026-05-14,Home & Kitchen,550.43,360.29,7
2026-05-14,Clothing,626.71,418.02,13
2026-05-15,Clothing,244.03,162.37,6
2026-05-15,Electronics,236.72,134.7,1
2026-05-15,Electronics,1365.37,865.06,5
2026-05-15,Home & Kitchen,567.09,352.9,7
2026-05-15,Home & Kitchen,655.19,438.73,8
2026-05-15,Sports,360.46,205.49,3
2026-05-15,Electronics,2661.87,1573.49,11
2026-05-15,Clothing,46.86,29.27,1
2026-05-15,Home & Kitchen,812.28,429.25,10
2026-05-15,Home & Kitchen,971.25,552.33,12
2026-05-16,Books,174.05,102.79,8
2026-05-16,Books,202.06,107.61,11
2026-05-16,Books,154.93,91.37,8
2026-05-16,Clothing,128.16,76.15,3
2026-05-16,Clothing,425.35,276.81,9
2026-05-17,Home & Kitchen,244.51,127.87,3
2026-05-17,Home & Kitchen,76.62,41.57,1
2026-05-17,Sports,1414.42,821.04,12
2026-05-17,Clothing,189.27,105.8,4
2026-05-17,Electronics,1407.18,755.55,6
2026-05-17,Clothing,221.85,147.79,5
2026-05-18,Sports,1675.23,876.79,14
2026-05-18,Sports,1151.99,713.33,10
2026-05-18,Electronics,1270.9,734.61,5
2026-05-18,Electronics,2664.18,1722.66,11
2026-05-18,Books,238.99,158.74,11
2026-05-18,Home & Kitchen,666.33,376.72,8
2026-05-18,Electronics,2130.62,1406.63,8
2026-05-18,Sports,1218.45,722.29,10
2026-05-18,Home & Kitchen,1123.8,612.76,13
2026-05-18,Home & Kitchen,178.12,90.22,2
2026-05-19,Home & Kitchen,963.5,650.0,12
2026-05-19,Sports,1385.51,848.28,11
2026-05-19,Sports,708.99,467.02,6
2026-05-19,Clothing,213.3,112.81,5
2026-05-19,Books,186.91,110.57,9
2026-05-19,Sports,114.07,70.21,1
2026-05-19,Clothing,236.03,121.62,5
2026-05-19,Home & Kitchen,1169.96,622.02,13
2026-05-19,Electronics,252.87,134.33,1
2026-05-19,Electronics,3789.02,2323.19,14
2026-05-20,Sports,757.71,497.29,6
2026-05-20,Sports,1043.05,546.28,8
2026-05-20,Clothing,44.29,27.47,1
2026-05-20,Sports,1177.86,626.91,10
2026-05-20,Clothing,86.98,59.64,2
2026-05-20,Sports,826.17,432.31,7
2026-05-20,Home & Kitchen,849.74,542.7,11
2026-05-20,Home & Kitchen,241.31,153.54,3
2026-05-20,Clothing,573.98,357.23,12
2026-05-20,Electronics,1664.37,867.43,7
2026-05-21,Sports,745.32,470.77,6
2026-05-21,Books,149.02,99.17,8
2026-05-21,Books,245.44,148.16,13
2026-05-21,Clothing,127.75,76.71,3
2026-05-21,Home & Kitchen,736.4,491.4,9
2026-05-21,Books,58.56,32.99,3
2026-05-21,Home & Kitchen,1250.07,757.87,14
2026-05-21,Sports,591.41,382.23,5
2026-05-22,Sports,895.93,544.78,7
2026-05-22,Clothing,576.96,332.22,13
2026-05-22,Clothing,85.49,52.11,2
2026-05-22,Electronics,1350.4,733.32,5
2026-05-22,Home & Kitchen,271.75,174.62,3
2026-05-22,Books,75.74,41.06,4
2026-05-22,Home & Kitchen,472.51,272.38,6
2026-05-23,Home & Kitchen,1213.36,612.93,13
2026-05-23,Books,247.66,157.91,12
2026-05-23,Electronics,2991.19,1603.99,11
2026-05-23,Home & Kitchen,1043.71,585.98,13
2026-05-23,Electronics,2778.3,1703.33,12
2026-05-23,Electronics,2698.98,1394.9,10
2026-05-23,Clothing,579.63,291.74,14
2026-05-23,Home & Kitchen,328.82,169.46,4
2026-05-23,Home & Kitchen,996.74,687.4,11
2026-05-23,Electronics,3757.89,2575.25,14
2026-05-23,Clothing,81.91,41.6,2
2026-05-24,Home & Kitchen,182.17,117.72,2
2026-05-24,,2888.22,1587.29,12
2026-05-24,Clothing,525.32,322.15,12
2026-05-24,Clothing,429.77,275.86,10
2026-05-24,Books,235.7,125.55,12
2026-05-25,Sports,113.43,75.26,1
2026-05-25,Sports,1102.89,650.72,10
2026-05-25,Sports,1378.75,766.51,12
2026-05-25,Clothing,286.73,171.61,7
2026-05-25,Sports,1508.33,873.19,13
2026-05-25,Books,56.6,30.66,3
2026-05-25,Sports,1428.45,870.62,11
2026-05-25,Electronics,1453.97,845.55,6
2026-05-25,Clothing,239.73,147.91,5
2026-05-25,Home & Kitchen,631.04,346.63,7
2026-05-25,Sports,517.06,351.16,4
2026-05-26,Electronics,1613.9,1016.15,7
2026-05-26,Books,167.08,101.77,9
2026-05-26,Clothing,81.82,51.65,2
2026-05-26,Home & Kitchen,389.47,197.46,5
2026-05-26,Books,36.24,21.34,2
2026-05-26,Books,56.03,31.96,3
2026-05-26,Home & Kitchen,766.08,480.78,9
2026-05-26,Sports,236.85,139.57,2
2026-05-27,Books,162.06,108.6,8
2026-05-27,Sports,1261.64,663.41,11
2026-05-27,Sports,489.91,296.26,4
2026-05-27,Books,21.56,15.06,1
2026-05-27,Electronics,3168.55,2085.83,12
2026-05-27,Clothing,360.84,184.82,8
2026-05-28,Clothing,540.92,285.07,11
2026-05-28,Home & Kitchen,916.23,631.09,10
2026-05-28,Electronics,507.54,297.32,2
2026-05-28,Books,162.66,96.43,9
2026-05-28,Clothing,347.32,219.59,8
2026-05-28,Clothing,231.77,125.73,5
2026-05-28,Electronics,1040.28,543.74,4
2026-05-29,Clothing,439.74,249.07,9
2026-05-29,Books,180.55,93.22,10
2026-05-29,Clothing,179.38,117.58,4
2026-05-29,Home & Kitchen,1065.75,637.87,12
2026-05-29,Clothing,442.69,225.81,9
2026-05-29,Books,101.54,62.22,5
2026-05-30,Clothing,578.32,358.66,14
2026-05-30,Clothing,441.59,233.45,10
2026-05-30,Books,249.25,150.82,13
2026-05-30,Sports,490.13,275.25,4
2026-05-30,Sports,490.99,302.57,4
2026-05-30,Sports,1209.56,828.38,11
2026-05-30,Sports,888.53,522.88,8
2026-05-30,Books,20.66,12.63,1
2026-05-30,Books,21.33,14.58,1
2026-05-31,Sports,1683.01,1058.58,13
2026-05-31,Home & Kitchen,1099.14,549.58,14
2026-05-31,Home & Kitchen,85.92,45.51,1
2026-05-31,Sports,1405.43,955.35,11
2026-05-31,Sports,764.97,441.24,6
2026-05-31,Clothing,642.19,350.09,13
2026-06-01,Electronics,1159.5,598.54,5
2026-06-01,Home & Kitchen,1403.82,720.39,18
2026-06-01,Books,397.11,223.97,20
2026-06-01,Sports,117.66,74.66,1
2026-06-01,Sports,467.01,302.48,4
2026-06-01,Sports,1663.04,1021.99,15
2026-06-01,Books,275.81,161.4,13
2026-06-01,Home & Kitchen,624.58,409.77,8
2026-06-01,Sports,2149.14,1206.75,17
2026-06-01,Sports,2311.18,1246.3,18
2026-06-01,Books,240.39,125.39,11
2026-06-02,Home & Kitchen,1542.66,797.87,18
2026-06-02,Home & Kitchen,930.83,553.69,10
2026-06-02,Home & Kitchen,1141.37,783.56,14
2026-06-02,Clothing,644.19,373.52,15
2026-06-02,Books,164.89,87.52,8
2026-06-02,Home & Kitchen,943.37,497.29,11
2026-06-03,Home & Kitchen,844.25,454.2,10
2026-06-03,Clothing,364.07,208.15,8
2026-06-03,Sports,759.52,427.73,7
2026-06-03,Electronics,4739.87,3035.51,18
2026-06-03,Electronics,1293.92,749.42,5
2026-06-03,Electronics,2477.09,1442.8,10
2026-06-03,Electronics,2645.01,1490.72,10
2026-06-03,Home & Kitchen,1078.0,552.38,13
2026-06-03,Home & Kitchen,85.1,45.31,1
2026-06-03,Books,18.43,9.64,1
2026-06-03,Books,386.83,228.39,18
2026-06-04,Home & Kitchen,664.67,420.03,8
2026-06-04,Books,255.44,169.29,14
2026-06-04,Clothing,463.39,320.16,10
2026-06-04,Electronics,3484.19,2161.46,14
2026-06-04,Sports,235.27,133.54,2
2026-06-05,Books,144.92,73.56,7
2026-06-05,Books,311.89,169.35,15
2026-06-05,Clothing,538.04,281.55,13
2026-06-05,Home & Kitchen,428.42,221.0,5
2026-06-05,Home & Kitchen,1580.44,844.61,20
2026-06-06,Home & Kitchen,1257.86,778.79,15
2026-06-06,Electronics,2719.78,1770.65,10
2026-06-06,Electronics,1175.19,661.63,5
2026-06-06,Clothing,828.62,473.94,17
2026-06-06,Clothing,295.8,188.04,7
2026-06-06,Clothing,689.34,369.09,14
2026-06-06,Books,233.27,138.54,11
2026-06-06,Clothing,978.47,620.79,20
2026-06-06,Electronics,3716.77,2564.97,14
2026-06-07,Electronics,1834.45,1216.02,8
2026-06-07,Electronics,3474.13,2042.69,15
2026-06-07,Books,195.24,99.75,10
2026-06-07,Home & Kitchen,918.41,529.59,10
2026-06-07,Sports,1660.71,846.42,14
2026-06-07,Clothing,719.06,444.09,15
2026-06-07,Electronics,529.98,323.78,2
2026-06-08,Clothing,578.61,290.99,13
2026-06-08,Home & Kitchen,1585.97,924.66,20
2026-06-08,Home & Kitchen,846.32,426.72,10
2026-06-08,Sports,1269.06,706.45,10
2026-06-08,Home & Kitchen,1200.23,689.85,14
2026-06-08,Sports,1678.81,901.34,15
2026-06-08,Books,351.84,179.52,18
2026-06-08,Sports,2152.78,1241.2,18
2026-06-09,Clothing,223.85,112.25,5
2026-06-09,Home & Kitchen,1546.31,934.11,18
2026-06-09,Home & Kitchen,1117.79,773.46,13
2026-06-09,Electronics,2299.0,1169.76,10
2026-06-09,Electronics,2016.51,1268.62,8
2026-06-09,Electronics,3812.18,2548.19,14
2026-06-09,Electronics,3534.0,2462.51,13
2026-06-09,Books,294.38,187.26,14
2026-06-09,Books,237.07,151.29,13
2026-06-09,Sports,1636.91,1122.28,15
2026-06-09,Home & Kitchen,1627.21,1032.43,20
2026-06-10,Electronics,4370.55,2544.35,17
2026-06-10,Electronics,2834.14,1745.61,11
2026-06-10,Books,439.08,223.18,20
2026-06-10,Clothing,499.94,346.27,11
2026-06-10,Sports,2017.23,1029.18,18
2026-06-10,Clothing,93.2,56.79,2
2026-06-10,Clothing,699.63,389.08,17
2026-06-10,Electronics,2641.21,1844.89,10
2026-06-10,Sports,1805.77,1202.87,14
2026-06-10,Books,215.57,125.45,11
2026-06-10,Home & Kitchen,180.56,100.13,2
2026-06-11,Home & Kitchen,90.65,59.9,1
2026-06-11,Sports,2188.62,1397.24,20
2026-06-11,Clothing,178.55,113.41,4
2026-06-11,Books,145.89,91.41,8
2026-06-11,Home & Kitchen,1587.79,797.41,17
2026-06-11,Sports,1816.77,1268.66,14
2026-06-11,Electronics,1942.18,1231.04,8
2026-06-11,Home & Kitchen,1254.19,716.85,15
2026-06-12,Clothing,426.94,269.48,10
2026-06-12,Home & Kitchen,1445.73,742.86,18
2026-06-12,Home & Kitchen,1183.58,602.04,14
2026-06-12,Home & Kitchen,656.96,426.33,8
2026-06-12,Electronics,1832.26,1139.71,7
2026-06-12,Sports,111.2,61.41,1
2026-06-12,Sports,2080.51,1254.01,17
2026-06-13,Clothing,88.48,60.31,2
2026-06-13,Sports,881.53,496.95,8
2026-06-13,Clothing,458.23,281.71,11
2026-06-13,Electronics,2492.01,1602.07,11
2026-06-13,Books,333.03,183.41,18
2026-06-14,Books,235.17,158.11,13
2026-06-14,Home & Kitchen,183.28,113.52,2
2026-06-14,Home & Kitchen,838.04,544.7,10
2026-06-14,Home & Kitchen,1120.94,601.0,13
2026-06-14,Clothing,809.48,467.03,17
2026-06-15,Sports,2198.01,1286.5,18
2026-06-15,Electronics,3440.84,1838.67,15
2026-06-15,Electronics,1269.74,638.58,5
2026-06-15,Sports,1592.71,919.77,13
2026-06-15,Electronics,4768.79,3274.02,18
2026-06-16,Home & Kitchen,1190.34,704.33,13
2026-06-16,Books,43.09,28.58,2
2026-06-16,Books,293.21,158.83,14
2026-06-16,Electronics,2826.17,1593.81,11
2026-06-16,Electronics,4756.19,2587.99,20
2026-06-16,Sports,1800.66,1080.42,14
2026-06-16,Books,132.69,86.46,7
2026-06-16,Books,192.5,112.06,10
2026-06-16,Sports,1172.63,674.02,10
2026-06-16,Sports,1116.33,592.08,10
2026-06-16,Books,309.7,166.15,17
2026-06-17,Sports,1705.22,923.14,14
2026-06-17,Home & Kitchen,1106.04,598.72,14
2026-06-17,Books,132.5,76.99,7
2026-06-17,Home & Kitchen,1597.53,1049.06,20
2026-06-17,Electronics,1323.76,747.59,5
2026-06-18,Electronics,1091.26,627.84,4
2026-06-18,Home & Kitchen,77.56,46.32,1
2026-06-18,Home & Kitchen,856.91,531.28,11
2026-06-18,Home & Kitchen,1200.93,822.93,14
2026-06-18,Home & Kitchen,1252.99,663.26,14
2026-06-18,Clothing,481.8,272.52,10
2026-06-18,Electronics,5145.73,3098.32,20
2026-06-19,Clothing,811.27,545.4,17
2026-06-19,Home & Kitchen,1091.05,694.49,14
2026-06-19,Home & Kitchen,1004.42,560.35,11
2026-06-19,Home & Kitchen,787.39,504.72,10
2026-06-19,Books,85.97,45.89,4
2026-06-19,Home & Kitchen,84.58,56.65,1
2026-06-19,Books,186.73,124.6,10
2026-06-20,Electronics,490.18,301.74,2
2026-06-20,Home & Kitchen,84.34,56.15,1
2026-06-20,Home & Kitchen,461.88,268.1,5
2026-06-20,Sports,2100.81,1419.84,18
2026-06-20,Books,204.48,114.77,10
2026-06-20,Clothing,349.19,234.83,8
2026-06-20,Home & Kitchen,1850.3,1035.53,20
2026-06-20,Sports,2597.53,1413.84,20
2026-06-20,Clothing,856.02,518.33,20
2026-06-21,Clothing,88.93,60.12,2
2026-06-21,Sports,1447.17,1008.02,13
2026-06-21,Clothing,44.56,30.03,1
2026-06-21,Sports,590.66,388.07,5
2026-06-21,Home & Kitchen,633.11,398.7,7
2026-06-21,Electronics,3718.52,2050.13,15
2026-06-21,Clothing,225.58,127.27,5
2026-06-21,Electronics,2672.83,1475.19,10
2026-06-21,Home & Kitchen,1120.64,667.61,13
2026-06-22,Electronics,450.02,307.36,2
2026-06-22,Clothing,472.76,305.67,10
2026-06-22,Electronics,522.28,285.36,2
2026-06-22,Electronics,2644.24,1450.19,11
2026-06-22,Home & Kitchen,1337.23,858.77,15
2026-06-22,Clothing,614.18,419.83,13
2026-06-23,Clothing,472.52,262.2,10
2026-06-23,Electronics,4123.05,2434.42,18
2026-06-23,Electronics,1815.28,1203.56,7
2026-06-23,Electronics,536.6,269.36,2
2026-06-23,Clothing,89.29,62.3,2
2026-06-23,Clothing,637.87,354.58,14
2026-06-23,Clothing,48.48,28.11,1
2026-06-23,Clothing,643.56,390.6,15
2026-06-23,Electronics,3619.41,2500.32,15
2026-06-23,Home & Kitchen,657.88,437.82,8
2026-06-24,Electronics,1896.47,1036.83,8
2026-06-24,Home & Kitchen,687.55,383.84,8
2026-06-24,Home & Kitchen,1658.13,1119.54,20
2026-06-24,Books,399.44,226.1,20
2026-06-24,Clothing,49.08,25.13,1
2026-06-24,Clothing,43.33,27.51,1
2026-06-24,Home & Kitchen,894.53,505.64,11
2026-06-24,Clothing,189.39,96.31,4
2026-06-24,Sports,1995.26,1066.22,18
2026-06-24,Electronics,3928.41,2073.42,15
2026-06-25,Sports,866.54,521.97,8
2026-06-25,Electronics,1358.7,926.42,5
2026-06-25,Electronics,4041.14,2181.58,15
2026-06-25,Books,39.02,22.58,2
2026-06-25,Home & Kitchen,158.7,89.2,2
2026-06-25,Sports,2160.95,1400.07,17
2026-06-25,Books,18.62,11.35,1
2026-06-26,Home & Kitchen,160.5,86.22,2
2026-06-26,Clothing,883.82,610.48,18
2026-06-26,Clothing,40.89,21.91,1
2026-06-26,Home & Kitchen,1150.52,691.16,13
2026-06-26,Clothing,45.07,28.13,1
2026-06-26,Sports,1770.04,1107.54,14
2026-06-26,Sports,237.61,144.04,2
2026-06-26,Home & Kitchen,1219.85,807.12,14
2026-06-26,Electronics,253.09,160.53,1
2026-06-26,Clothing,479.23,305.63,10
2026-06-27,Books,19.7,13.66,1
2026-06-27,Clothing,185.14,114.82,4
2026-06-27,Electronics,5324.0,2879.31,20
2026-06-27,Home & Kitchen,-50.0,97.32,2
2026-06-27,Clothing,442.18,238.72,10
2026-06-27,Books,146.31,90.0,8
2026-06-27,Home & Kitchen,1243.62,711.45,14
2026-06-27,Sports,902.81,549.9,8
2026-06-27,Electronics,236.58,158.46,1
2026-06-28,Books,424.99,241.64,20
2026-06-28,Electronics,1774.64,1093.73,7
2026-06-28,Clothing,639.93,376.76,15
2026-06-28,Sports,1209.37,816.72,11
2026-06-28,Clothing,243.74,137.85,5
2026-06-29,Electronics,4354.94,3006.7,18
2026-06-29,Books,224.29,151.66,11
2026-06-29,Electronics,4281.36,2538.88,18
2026-06-29,Sports,1258.54,860.64,10
2026-06-29,Electronics,3389.49,2346.58,14
2026-06-30,Sports,465.76,317.61,4
2026-06-30,Electronics,4472.85,2962.64,17
2026-06-30,Home & Kitchen,1350.56,900.27,15
2026-06-30,Books,108.82,67.97,5
2026-06-30,Books,235.18,136.17,11
2026-06-30,Electronics,3186.22,2022.46,13
2026-01-08,Electronics,3109.55,1744.68,13
2026-06-10,Clothing,93.2,56.79,2
2026-06-01,Sports,2311.18,1246.3,18
2026-03-23,Books,20.95,12.68,1
2026-04-20,Books,166.56,110.5,8
2026-01-22,Sports,244.89,133.41,2
2026-06-09,Clothing,223.85,112.25,5
2026-01-06,Clothing,333.9,189.73,8
2026-04-15,Sports,818.45,473.47,7
2026-02-17,Sports,788.37,748.95,6
2026-05-16,Books,174.05,102.79,8
2026-04-12,Books,129.94,81.15,7
2026-04-29,Books,138.03,89.46,7
2026-05-12,Books,242.53,139.32,12
2026-03-16,Home & Kitchen,833.4,577.94,9
